{
  "test_id": "perf-test-1760703918",
  "timestamp": "2025-10-17T12:25:18.375355",
  "baseline_metrics": {
    "cpu": 44.8,
    "memory": 73.6,
    "disk_io": [
      53280969,
      50870357,
      1222310495232,
      1260047097856,
      21729383,
      3455191
    ]
  },
  "post_test_metrics": {
    "cpu": 29.0,
    "memory": 73.6
  },
  "test_duration": 0.04015827178955078,
  "performance_score": 100,
  "recommendations": [
    "System performance is within normal parameters",
    "Memory usage is stable"
  ]
}